,email,label,age
0,Elody_OConner51@gmail.com,3.0,73.0
1,lily.long85@yahoo.com,2.0,39.0
2,benjamin.phillips@hotmail.com,0.0,-100.0
3,robert.walker@aol.com,0.0,-100.0
4,samantha_turner1987@gmail.com,2.0,37.0
5,matthew7843@icloud.com,0.0,-100.0
6,Jerrod_Considine79@yahoo.com,2.0,45.0
7,Beverly_Renner@outlook.com,0.0,-100.0
8,smith.kelly1996@aol.com,1.0,28.0
9,michael.kane1986@hotmail.com,2.0,38.0
10,Dock_King@yahoo.com,0.0,-100.0
11,Elmo_Weissnat@mail.com,0.0,-100.0
12,Nils_Pacocha24@tutanota.com,1.0,0.0
13,claire_harris9987@outlook.com,0.0,-100.0
14,Maiya.Huel47@aol.com,3.0,77.0
15,zoe1983_barnes@aol.com,2.0,41.0
16,Jaclyn.Littel@aol.com,0.0,-100.0
17,mary.green@yahoo.com,0.0,-100.0
18,mandy.04@gmail.com,1.0,20.0
19,laura.foster@icloud..com,0.0,-100.0
20,jessica.evans04@gmail.com,1.0,20.0
21,nathan.james95@outlook.com,2.0,29.0
22,Raina.OHara70@outlook.com,3.0,54.0
23,luke_barnes2006@gmail.com,0.0,-100.0
24,matthew.roberts@protonmail.com,0.0,-100.0
25,susan.brown@gmail.com,0.0,-100.0
26,natalie9872_smith@yahoo.com,0.0,-100.0
27,peter.ward@gmail.com,0.0,-100.0
28,rebecca.thomas@hotmail.com,0.0,-100.0
29,carter85_burn@hotmail.com,2.0,39.0
30,amanda78_flash@hotmail.com,2.0,46.0
31,Ernie88@icloud.com,2.0,36.0
32,Kennedy.Schmidt59@gmail.com,3.0,65.0
33,james1980_clark@gmail.com,2.0,44.0
34,Morris_Vandervort@gmail.com,0.0,-100.0
35,Ayden28@yahoo.com,3.0,96.0
36,zoe_richards1995@gmail.com,1.0,29.0
37,hailey1998_turner@gmail.com,1.0,26.0
38,anna.harris@icloud.com,0.0,-100.0
39,david.roberts81@gmail.com,2.0,43.0
40,Jose_Hayes62@mail.com,3.0,62.0
41,victoria_carter1984@yahoo.com,2.0,40.0
42,robert.mitchell@gmail.com,0.0,-100.0
43,eliza.brooks1702@gmail.com,0.0,-100.0
44,emily.wood1696@gmail.com,0.0,-100.0
45,alexis43_flare@gmail.com,3.0,81.0
46,Roel37@yahoo.com,3.0,87.0
47,david66_glow@hotmail.com,3.0,58.0
48,madeline1986_ross@aol.com,2.0,38.0
49,samantha1996_green@icloud.com,1.0,28.0
50,madison1991_bell@outlook.com,2.0,33.0
51,john.morris@gmail.com,0.0,-100.0
52,Clement.Stamm37@gmail.com,3.0,87.0
53,emma.johnson1999@outlook.com,1.0,25.0
54,Alanna.Bode-Altenwerth66@yahoo.com,3.0,58.0
55,rebecca.scott@outlook.com,0.0,-100.0
56,Chanelle71@outlook.com,3.0,53.0
57,logan_turner1998@outlook.com,1.0,26.0
58,emily.smith06@outlook.com,1.0,18.0
59,kevin_2003thompson@gmail.com,1.0,21.0
60,mark.smith2004@gmail.com,1.0,20.0
61,Kameron21@mail.com,1.0,3.0
62,thomas.hall@gmail.com,0.0,-100.0
63,logan.turner98@outlook.com,2.0,26.0
64,Joana.Zboncak@icloud.com,0.0,-100.0
65,rachel.perez45@icloud.com,3.0,79.0
66,Giovanni_Tremblay60@aol.com,3.0,64.0
67,megan.wilson21@hotmail.com,1.0,3.0
68,rebecca.bryant@protonmail.com,0.0,-100.0
69,Neal.McGlynn@gmail.com,0.0,-100.0
70,rachel11_flare@icloud.com,1.0,13.0
71,david.roberts81@gmail.com,2.0,43.0
72,Mekhi60@icloud.com,3.0,64.0
73,Evan93@yahoo.com,2.0,31.0
74,rachel.bailey1723@gmail.com,0.0,-100.0
75,hannah_8764hill@icloud.com,0.0,-100.0
76,sophia.jones03@gmail.com,1.0,21.0
77,elizabeth.roberts@hotmail.com,0.0,-100.0
78,Susan13@tutanota.com,1.0,11.0
79,madeline.ross05@aol.com,1.0,19.0
80,victoria_james2005@gmail.com,1.0,19.0
81,Jaclyn_Cole@gmail.com,0.0,-100.0
82,Shawn.Rowe58@tutanota.com,3.0,66.0
83,logan_wright2003@gmail.com,1.0,21.0
84,thomas.jones@hotmail.com,0.0,-100.0
85,emma76_flash@gmail.com,2.0,48.0
86,nathan_martin2003@gmail.com,1.0,21.0
87,Adaline.Mills@gmail.com,0.0,-100.0
88,Zoie73@outlook.com,3.0,51.0
89,jacob_green2005@yahoo.com,1.0,19.0
90,sophia.adams@yahoo.com,0.0,-100.0
91,samuel.morgan@gmail.com,0.0,-100.0
92,matthew.adams@protonmail.com,0.0,-100.0
93,Zita.Herman35@outlook.com,3.0,89.0
94,Darrel_Roberts15@protonmail.com,1.0,9.0
95,Nathen.Boehm@protonmail.com,0.0,-100.0
96,lily.thompson57@aol.com,3.0,67.0
97,noah5563@yahoo.com,0.0,-100.0
98,adam.henderson32@gmail.com,3.0,92.0
99,andrew36_burn@hotmail.com,3.0,88.0
100,Jayden48@mail.com,3.0,76.0
101,Patrick.Johnston@aol.com,0.0,-100.0
102,Julien_Mayert51@aol.com,3.0,73.0
103,matthew.baker@hotmail.com,0.0,-100.0
104,Sofia64@mail.com,3.0,60.0
105,Meredith_Hansen@gmail.com,0.0,-100.0
106,2003_samuel_white@organization.org,1.0,21.0
107,amanda.king99@hotmail.com,2.0,25.0
108,Nora_Turcotte@icloud.com,0.0,-100.0
109,Hailee_Kuhic58@aol.com,3.0,66.0
110,daniel.taylor88@outlook.com,2.0,36.0
111,Melody.OReilly32@tutanota.com,3.0,92.0
112,paul.baker@aol.com,0.0,-100.0
113,Frank_Herzog@tutanota.com,0.0,-100.0
114,michael_93.johnson@college.edu,2.0,31.0
115,james21_shine@gmail.com,1.0,3.0
116,madeline.ross05@aol.com,1.0,19.0
117,Pansy17@protonmail.com,1.0,7.0
118,amanda_williams12356@icloud.com,0.0,-100.0
119,david.clark@protonmail.com,0.0,-100.0
120,caleb.phillips67@icloud.com,3.0,57.0
121,1987_rachel.s@gmail.com,2.0,37.0
122,margaret.anderson1782@gmail.com,0.0,-100.0
123,matthew.lewis@gmail.com,0.0,-100.0
124,Carlie.Conroy@aol.com,0.0,-100.0
125,claire81_flicker@yahoo.com,2.0,43.0
126,joshua.bell00@gmail.com,1.0,24.0
127,mason.watson04@hotmail.com,1.0,20.0
128,victoria_kelly2003@protonmail.com,1.0,21.0
129,jason.barnes90@gmail.com,2.0,34.0
130,simon.peters@hotmail.com,0.0,-100.0
131,martha.young1792@gmail.com,0.0,-100.0
132,Nikolas54@outlook.com,3.0,70.0
133,caleb78_bright@icloud.com,2.0,46.0
134,james_jones10000@gmail.com,0.0,-100.0
135,Carroll_Armstrong92@mail.com,2.0,32.0
136,Annabelle.Schaden-Jakubowski82@icloud.com,2.0,42.0
137,mary.james@icloud.com,0.0,-100.0
138,megan_wilson4321@hotmail.com,0.0,-100.0
139,emily_clark.91@mail.service.com,2.0,33.0
140,Kaleigh72@mail.com,3.0,52.0
141,Jed_Gutmann-Heidenreich18@protonmail.com,1.0,6.0
142,james.jones00@gmail.com,1.0,24.0
143,tyler_hayes1986@gmail.com,2.0,38.0
144,Claudia.Osinski-Pollich46@gmail.com,3.0,78.0
145,andrew.james64@hotmail.com,3.0,60.0
146,logan_1095johnson@outlook.com,0.0,-100.0
147,Rhea.Gislason63@mail.com,3.0,61.0
148,Gerson.Feest71@gmail.com,3.0,53.0
149,carter.james99@hotmail.com,2.0,25.0
150,Cali_Zieme24@aol.com,1.0,0.0
151,lily_thompson5678@aol.com,0.0,-100.0
152,Julianne_Larkin39@yahoo.com,3.0,85.0
153,stephanie.2002clark@gmail.com,1.0,22.0
154,laura.baker45@icloud.com,3.0,79.0
155,robert23_spark@protonmail.com,1.0,1.0
156,Jewell.Stark@aol.com,0.0,-100.0
157,Shyann_Herzog14@aol.com,1.0,10.0
158,megan_patel1994@gmail.com,2.0,30.0
159,ethan_bell1988@gmail.com,2.0,36.0
160,ryan_watson2001@hotmail.com,1.0,23.0
161,christopher89_bell@sub.company.com,2.0,35.0
162,Shaniya11@gmail.com,1.0,13.0
163,Aurore29@tutanota.com,3.0,95.0
164,matthew.hill1802@gmail.com,0.0,-100.0
165,Jordi_Aufderhar56@gmail.com,3.0,68.0
166,caleb.phillips67@icloud.com,3.0,57.0
167,tyler.hayes86@gmail.com,2.0,38.0
168,Cayla82@tutanota.com,2.0,42.0
169,zoe_bryant43219@aol.com,0.0,-100.0
170,Heaven8@yahoo.com,0.0,-100.0
171,Tyler_Walter@gmail.com,0.0,-100.0
172,ryan.watson01@hotmail.com,1.0,23.0
173,david_2000@aol.com,1.0,24.0
174,Johnpaul.Robel68@tutanota.com,3.0,56.0
175,alice_3890.brown@company.co.uk,0.0,-100.0
176,hailey_price1239@protonmail.com,0.0,-100.0
177,rachel_evans2006@gmail.com,0.0,-100.0
178,chris_lee8769@hotmail.com,0.0,-100.0
179,Napoleon_Braun@protonmail.com,0.0,-100.0
180,olivia24_flash@gmail.com,1.0,0.0
181,mary.bryant@outlook.com,0.0,-100.0
182,Dangelo.Gorczany30@aol.com,3.0,94.0
183,Gianni72@outlook.com,3.0,52.0
184,henry.thomas1693@gmail.com,0.0,-100.0
185,lucy.green1749@gmail.com,0.0,-100.0
186,david.thomas@gmail.com,0.0,-100.0
187,anna.hall87@yahoo.com,2.0,37.0
188,Dejuan_Herzog47@icloud.com,3.0,77.0
189,olivia.smith999@yahoo.com,0.0,-100.0
190,Alanna.Connelly84@outlook.com,2.0,40.0
191,Queenie55@gmail.com,3.0,69.0
192,hailey.sanders67@gmail.com,3.0,57.0
193,joshua_carter1980@gmail.com,2.0,44.0
194,james.walker@outlook.com,0.0,-100.0
195,Cassandra_Flatley54@gmail.com,3.0,70.0
196,william.green@aol.com,0.0,-100.0
197,nathan.brooks@icloud.com,0.0,-100.0
198,Delphine8@tutanota.com,0.0,-100.0
199,Adela_Mertz@mail.com,0.0,-100.0
200,alexis.cooper92@gmail.com,2.0,32.0
201,jason_brown1985@gmail.com,2.0,39.0
202,amelia.simmons@yahoo.com,0.0,-100.0
203,Jonatan.Kassulke@gmail.com,0.0,-100.0
204,ben_4561doe@gmail.com,0.0,-100.0
205,jason.barnes90@gmail.com,2.0,34.0
206,laura1990_davis@gmail.com,2.0,34.0
207,Oleta44@protonmail.com,3.0,80.0
208,olivia2003_clark@hotmail.com,1.0,21.0
209,anna1999@outlook.com,1.0,25.0
210,rachel.perez45@icloud.com,3.0,79.0
211,Juston81@outlook.com,2.0,43.0
212,Percy92@protonmail.com,2.0,32.0
213,Markus.Goldner41@gmail.com,3.0,83.0
214,daniel_scott1980@outlook.com,2.0,44.0
215,Adelle_Rolfson24@gmail.com,1.0,0.0
216,catherine.allen@icloud.com,0.0,-100.0
217,Janae99@gmail.com,2.0,25.0
218,edward.walker1756@gmail.com,0.0,-100.0
219,laura88_smith@yahoo.com,2.0,36.0
220,susan.green@yahoo..com,0.0,-100.0
221,Gerson_Larson99@gmail.com,2.0,25.0
222,Marianna_Pfeffer@gmail.com,0.0,-100.0
223,Zackery_Rippin91@gmail.com,2.0,33.0
224,Moshe_Hilpert@tutanota.com,0.0,-100.0
225,eliza.jackson@hotmail.com,0.0,-100.0
226,abigail_cook1992@gmail.com,2.0,32.0
227,john.doe1990@sub.domain.com,2.0,34.0
228,robert_white1990@gmail.com,2.0,34.0
229,sophia87_blaze@outlook.com,2.0,37.0
230,kevin57_flame@outlook.com,3.0,67.0
231,sophia.jones03@gmail.com,1.0,21.0
232,hailey88_flame@protonmail.com,2.0,36.0
233,Julien80@tutanota.com,2.0,44.0
234,Gretchen.Nikolaus33@gmail.com,3.0,91.0
235,emily_smith2006@outlook.com,0.0,-100.0
236,Olaf_Marks64@gmail.com,3.0,60.0
237,peter.jackson@aol.com,0.0,-100.0
238,simon.ward@protonmail.com,0.0,-100.0
239,Buck.Mohr@gmail.com,0.0,-100.0
240,Carolina.Zieme66@aol.com,3.0,58.0
241,daniel1998_scott@outlook.com,1.0,26.0
242,zoe7548_anderson@protonmail.com,0.0,-100.0
243,daniel.scott80@outlook.com,2.0,44.0
244,Frances.Zulauf@gmail.com,0.0,-100.0
245,Percy92@protonmail.com,2.0,32.0
246,hannah.james1741@gmail.com,0.0,-100.0
247,chloe872_flare@gmail.com,0.0,-100.0
248,susan.young@gmail.com,0.0,-100.0
249,dylan1990_richards@gmail.com,2.0,34.0
250,andrew1994_turner@hotmail.com,2.0,30.0
251,elijah_6230@gmail.com,0.0,-100.0
252,mason_watson2004@hotmail.com,1.0,20.0
253,Bertha.Vandervort54@outlook.com,3.0,70.0
254,daniel_king1998@gmail.com,1.0,26.0
255,Kamryn59@icloud.com,3.0,65.0
256,Maud.Satterfield@gmail.com,0.0,-100.0
257,emma.walker@icloud.com,0.0,-100.0
258,mary.jones@outlook.com,0.0,-100.0
259,nancy.baker@outlook.com,0.0,-100.0
260,daniel_taylor1988@outlook.com,2.0,36.0
261,Nestor.Hahn52@gmail.com,3.0,72.0
262,sophia.brown1684@gmail.com,0.0,-100.0
263,Joel32@outlook.com,3.0,92.0
264,Domenic_Hudson95@gmail.com,2.0,29.0
265,david2097@hotmail.com,0.0,-100.0
266,Lamont37@gmail.com,3.0,87.0
267,ethan.white02@protonmail.com,1.0,22.0
268,Cheyanne.Rippin@aol.com,0.0,-100.0
269,Darrel_Roberts15@protonmail.com,1.0,9.0
270,edward.king@protonmail.com,0.0,-100.0
271,nathan.martin04@gmail.com,1.0,20.0
272,daniel.wood@outlook.com,0.0,-100.0
273,Sunny_Nader@yahoo.com,0.0,-100.0
274,Erling_Runolfsdottir@outlook.com,0.0,-100.0
275,adam2004_henderson@gmail.com,1.0,20.0
276,alice.bell@hotmail.com,0.0,-100.0
277,ethan_hughes1001@protonmail.com,0.0,-100.0
278,lily3456@protonmail.com,0.0,-100.0
279,Reggie_Greenholt34@gmail.com,3.0,90.0
280,lucy.adams@protonmail..com,0.0,-100.0
281,Blanche44@outlook.com,3.0,80.0
282,eliza.thomas@outlook.com,0.0,-100.0
283,Linnie78@mail.com,2.0,46.0
284,john_smith@yahoo.com,0.0,-100.0
285,david.young@icloud.com,0.0,-100.0
286,adam.henderson32@gmail.com,3.0,92.0
287,Carolanne33@aol.com,3.0,91.0
288,ethan_9931@gmail.com,0.0,-100.0
289,Monserrat_Kautzer@gmail.com,0.0,-100.0
290,Lysanne.Cormier@aol.com,0.0,-100.0
291,simon.murphy1687@gmail.com,0.0,-100.0
292,Selmer35@aol.com,3.0,89.0
293,Evalyn.Lehner0@yahoo.com,0.0,-100.0
294,zoe.bryant19@aol.com,1.0,5.0
295,Marta_Sanford93@tutanota.com,2.0,31.0
296,jason99_lee@gmail.com,2.0,25.0
297,lily64_gleam@yahoo.com,3.0,60.0
298,Catalina_Grady5@tutanota.com,0.0,-100.0
299,Jeramie_Denesik98@yahoo.com,2.0,26.0
300,Jaiden60@gmail.com,3.0,64.0
301,Marilyne.Crist@mail.com,0.0,-100.0
302,james.wright@gmail.com,0.0,-100.0
303,nathan31_flare@aol.com,3.0,93.0
304,Rachelle.Hane97@mail.com,2.0,27.0
305,Reba_Robel62@mail.com,3.0,62.0
306,emily.smith06@outlook.com,1.0,18.0
307,Stephania.Fisher91@gmail.com,2.0,33.0
308,Stanton.Turcotte@aol.com,0.0,-100.0
309,lucy.brown@yahoo.com,0.0,-100.0
310,Kasandra_Mayert56@aol.com,3.0,68.0
311,Amira4@yahoo.com,0.0,-100.0
312,sarah.wright1717@gmail.com,0.0,-100.0
313,catherine.davis@hotmail.com,0.0,-100.0
314,jacob.green05@yahoo.com,1.0,19.0
315,Connie_Haley@gmail.com,0.0,-100.0
316,Asia_Stark26@protonmail.com,3.0,98.0
317,Camille36@aol.com,3.0,88.0
318,paul.cook@icloud.com,0.0,-100.0
319,Jammie.Hartmann50@icloud.com,3.0,74.0
320,ethan1995_white@yahoo.com,1.0,29.0
321,Florida14@gmail.com,1.0,10.0
322,Wiley75@aol.com,2.0,49.0
323,Saige.Conroy-Raynor62@gmail.com,3.0,62.0
324,Winona89@outlook.com,2.0,35.0
325,olivia.brown2001@yahoo.com,1.0,23.0
326,Cecilia_Gottlieb@yahoo.com,0.0,-100.0
327,eliza.howard@gmail.com,0.0,-100.0
328,Quincy_Mayert@aol.com,0.0,-100.0
329,victoria.carter84@yahoo.com,2.0,40.0
330,Santina_Stark68@protonmail.com,3.0,56.0
331,sophia_scott1999@gmail.com,1.0,25.0
332,nancy.bryant1797@gmail.com,0.0,-100.0
333,william.johnson@outlook.com,0.0,-100.0
334,Freddie_Marvin@gmail.com,0.0,-100.0
335,Douglas74@gmail.com,3.0,50.0
336,Julio_Jaskolski@tutanota.com,0.0,-100.0
337,emma.clark76@icloud.com,2.0,48.0
338,Eva35@protonmail.com,3.0,89.0
339,amanda.king99@hotmail.com,2.0,25.0
340,Meredith_Stracke7@aol.com,0.0,-100.0
341,george.taylor1811@gmail.com,0.0,-100.0
342,Anais_Hoppe15@mail.com,1.0,9.0
343,Hertha_VonRueden@aol.com,0.0,-100.0
344,carter1988_james@hotmail.com,2.0,36.0
345,sarah.green89@icloud.com,2.0,35.0
346,Oran_Zemlak39@gmail.com,3.0,85.0
347,logan_brooks87612@gmail.com,0.0,-100.0
348,jessica_walker1993@gmail.com,2.0,31.0
349,amanda.williams56@icloud.com,3.0,68.0
350,Charity6@protonmail.com,0.0,-100.0
351,Kiarra_Hand60@mail.com,3.0,64.0
352,mark_1995johnson@outlook.com,1.0,29.0
353,elizabeth.thomas@outlook.com,0.0,-100.0
354,james.jones@yahoo.com,0.0,-100.0
355,3356_johnson.jane@gmail.com,0.0,-100.0
356,daniel2001_martin@icloud.com,1.0,23.0
357,emma.king@icloud.com,0.0,-100.0
358,Demario_Fisher47@mail.com,3.0,77.0
359,rebecca.moore@icloud.com,0.0,-100.0
360,Aglae64@protonmail.com,3.0,60.0
361,stephen.morris@yahoo.com,0.0,-100.0
362,Etha_Simonis@gmail.com,0.0,-100.0
363,logan.brooks12@gmail.com,1.0,12.0
364,Heber_Brakus50@tutanota.com,3.0,74.0
365,mary.cook@outlook.com,0.0,-100.0
366,lily.green2000@hotmail.com,1.0,24.0
367,sam.kelly7765@aol.com,0.0,-100.0
368,dylan49_shine@gmail.com,3.0,75.0
369,Birdie_Kuvalis89@outlook.com,2.0,35.0
370,mason.watson04@hotmail.com,1.0,20.0
371,hailey.price39@protonmail.com,3.0,85.0
372,sophia.brown@hotmail.com,0.0,-100.0
373,2001_johnson.jane@gmail.com,1.0,23.0
374,Blanche.Predovic@yahoo.com,0.0,-100.0
375,Loyal_Kuhic@gmail.com,0.0,-100.0
376,jane_doe1989@gmail.com,2.0,35.0
377,kevin.sanders89@gmail.com,2.0,35.0
378,rachel5551_b@outlook.com,0.0,-100.0
379,henry.wright@protonmail.com,0.0,-100.0
380,michael.cook@hotmail.com,0.0,-100.0
381,Estelle80@yahoo.com,2.0,44.0
382,laura.walker@protonmail.com,0.0,-100.0
383,emma_clark1234@icloud.com,0.0,-100.0
384,mason_hayes2000@gmail.com,1.0,24.0
385,joshua1981_ward@gmail.com,2.0,43.0
386,Macey29@gmail.com,3.0,95.0
387,Faye_Carter81@icloud.com,2.0,43.0
388,Maxime.Brown93@mail.com,2.0,31.0
389,nathan_roberts1991@gmail.com,2.0,33.0
390,laura_taylor1995@gmail.com,1.0,29.0
391,chris_harris2002@gmail.com,1.0,22.0
392,kevin_sanders1989@gmail.com,2.0,35.0
393,Gerry.Fisher@protonmail.com,0.0,-100.0
394,aiden_miller8974@gmail.com,0.0,-100.0
395,daniel97_flare@outlook.com,2.0,27.0
396,katherine.hill@outlook.com,0.0,-100.0
397,william.miller@icloud.com,0.0,-100.0
398,Gregorio.Gusikowski@gmail.com,0.0,-100.0
399,David.Brakus7@mail.com,0.0,-100.0
400,andrew_baker1996@gmail.com,1.0,28.0
401,Kurtis.Towne@yahoo.com,0.0,-100.0
402,Pietro2@mail.com,0.0,-100.0
403,madeline_ross2005@aol.com,1.0,19.0
404,david.mitchell@gmail.com,0.0,-100.0
405,Oral.Lind28@gmail.com,3.0,96.0
406,alex97@gmail.com,2.0,27.0
407,Ima56@aol.com,3.0,68.0
408,john.jones@hotmail.com,0.0,-100.0
409,robert.turner54@protonmail.com,3.0,70.0
410,rebecca.evans@protonmail.com,0.0,-100.0
411,Joanne.Hickle91@mail.com,2.0,33.0
412,arthur99_archi@gmail.com,2.0,25.0
413,Elisha.Grant93@protonmail.com,2.0,31.0
414,adam_henderson5432@gmail.com,0.0,-100.0
415,Murray_Waters@protonmail.com,0.0,-100.0
416,robert2002_harris@protonmail.com,1.0,22.0
417,jason1985_davis@yahoo.com,2.0,39.0
418,Bonnie5@gmail.com,0.0,-100.0
419,george.thomas@hotmail.com,0.0,-100.0
420,alice.carter1653@gmail.com,0.0,-100.0
421,sarah_smith2001@gmail.com,1.0,23.0
422,amanda_ward1999@gmail.com,1.0,25.0
423,mark_sanders1999@gmail.com,1.0,25.0
424,Emmet_Moen37@aol.com,3.0,87.0
425,Rod.Ferry@mail.com,0.0,-100.0
426,eliza.miller@outlook.com,0.0,-100.0
427,kevin1988_morris@outlook.com,2.0,36.0
428,claire1984_hall@yahoo.com,2.0,40.0
429,Genevieve_Sawayn-Kunde79@gmail.com,2.0,45.0
430,patrick.morgan@hotmail.com,0.0,-100.0
431,sophia1999_adams@outlook.com,1.0,25.0
432,matthew.davis01@hotmail.com,1.0,23.0
433,Rey.Weber44@gmail.com,3.0,80.0
434,jessica45_blaze@gmail.com,3.0,79.0
435,Aron42@mail.com,3.0,82.0
436,jacob.green05@yahoo.com,1.0,19.0
437,Reva79@gmail.com,2.0,45.0
438,olivia23_fire@hotmail.com,1.0,1.0
439,9087_steve.s@gmail.com,0.0,-100.0
440,Faye.Rowe25@protonmail.com,3.0,99.0
441,Freddy.Green@aol.com,0.0,-100.0
442,Paula_Rogahn56@tutanota.com,3.0,68.0
443,Hosea59@yahoo.com,3.0,65.0
444,Myrtle.Hermiston60@yahoo.com,3.0,64.0
445,emma1987_taylor@gmail.com,2.0,37.0
446,Elta37@protonmail.com,3.0,87.0
447,Beth_Johnston94@gmail.com,2.0,30.0
448,rachel2006_wright@icloud.com,0.0,-100.0
449,abigail1987_powell@yahoo.com,2.0,37.0
450,Evie_Beier@protonmail.com,0.0,-100.0
451,carter.james99@hotmail.com,2.0,25.0
452,sarah.brown@yahoo.com,0.0,-100.0
453,grace.roberts1705@gmail.com,0.0,-100.0
454,Glenda_Gleason@yahoo.com,0.0,-100.0
455,katherine.foster1710@gmail.com,0.0,-100.0
456,Octavia.Thiel@gmail.com,0.0,-100.0
457,andrew_james7654@hotmail.com,0.0,-100.0
458,Elwin80@icloud.com,2.0,44.0
459,Herta_Abernathy13@mail.com,1.0,11.0
460,katie_thompson1981@gmail.com,2.0,43.0
461,caleb_phillips34567@icloud.com,0.0,-100.0
462,ryan33_blaze@hotmail.com,3.0,91.0
463,elizabeth.miller1732@gmail.com,0.0,-100.0
464,daniel.jackson@hotmail.com,0.0,-100.0
465,Sister87@icloud.com,2.0,37.0
466,tyler.hayes86@gmail.com,2.0,38.0
467,laura.davis@aol.com,0.0,-100.0
468,Darrel_Roberts15@protonmail.com,1.0,9.0
469,megan12_fire@aol.com,1.0,12.0
470,olivia.johnson91@gmail.com,2.0,33.0
471,Clark.Hoppe14@icloud.com,1.0,10.0
472,Rubye.Lebsack28@yahoo.com,3.0,96.0
473,michael.johnson@gmail.com,0.0,-100.0
474,olivia.johnson91@gmail.com,2.0,33.0
475,Talon_Stark79@icloud.com,2.0,45.0
476,victoria17_heat@protonmail.com,1.0,7.0
477,andrew.clark88@gmail.com,2.0,36.0
478,Javonte.Bednar@tutanota.com,0.0,-100.0
479,benjamin.mitchell1779@gmail.com,0.0,-100.0
480,Bertha66@gmail.com,3.0,58.0
481,Rubye.Lebsack28@yahoo.com,3.0,96.0
482,margaret.smith@hotmail.com,0.0,-100.0
483,Brook_Marks53@tutanota.com,3.0,71.0
484,rebecca.allen1771@gmail.com,0.0,-100.0
485,john_lee1986@gmail.com,2.0,38.0
486,logan19_glint@gmail.com,1.0,5.0
487,Lyla_Jakubowski@gmail.com,0.0,-100.0
488,Eva35@protonmail.com,3.0,89.0
489,Maddison62@aol.com,3.0,62.0
490,abigail.powell56@yahoo.com,3.0,68.0
491,james4672_blake@gmail.com,0.0,-100.0
492,Fae_Ward80@yahoo.com,2.0,44.0
493,Tillman.Green44@icloud.com,3.0,80.0
494,Hayley.Kohler49@protonmail.com,3.0,75.0
495,joshua.bell00@gmail.com,1.0,24.0
496,Wanda40@gmail.com,3.0,84.0
497,jason1997_long@gmail.com,1.0,27.0
498,matthew_davis8765@hotmail.com,0.0,-100.0
499,Alexane45@aol.com,3.0,79.0
500,thomas.brown@protonmail.com,0.0,-100.0
501,Hilario.Steuber@aol.com,0.0,-100.0
502,Zackary29@gmail.com,3.0,95.0
503,Kirk96@tutanota.com,2.0,28.0
504,nathan.peters1808@gmail.com,0.0,-100.0
505,Cesar74@gmail.com,3.0,50.0
506,Krista59@gmail.com,3.0,65.0
507,sophia_jones2001@gmail.com,1.0,23.0
508,Minnie_Nitzsche48@yahoo.com,3.0,76.0
509,william.johnson1799@gmail.com,0.0,-100.0
510,ethan.lee2002@protonmail.com,1.0,22.0
511,Roger44@gmail.com,3.0,80.0
512,Marisol1@gmail.com,0.0,-100.0
513,lily.long85@yahoo.com,2.0,39.0
514,Terrance28@aol.com,3.0,96.0
515,dylan.richards83@gmail.com,2.0,41.0
516,Cali_Bauch81@icloud.com,2.0,43.0
517,Shany.McLaughlin@tutanota.com,0.0,-100.0
518,Adaline.Stamm83@gmail.com,2.0,41.0
519,robert.carter@hotmail.com,0.0,-100.0
520,Frederique.Cronin45@gmail.com,3.0,79.0
521,jason35_glint@gmail.com,3.0,89.0
522,Ayden28@yahoo.com,3.0,96.0
523,Barbara_Kub@tutanota.com,0.0,-100.0
524,Estelle80@yahoo.com,2.0,44.0
525,david.phillips@outlook.com,0.0,-100.0
526,m.williams1998@icloud.com,1.0,26.0
527,david_roberts1981@gmail.com,2.0,43.0
528,lily1983_thompson@protonmail.com,2.0,41.0
529,ryan1984_hughes@hotmail.com,2.0,40.0
530,hailey_sanders4567@gmail.com,0.0,-100.0
531,david_clark1983@gmail.com,2.0,41.0
532,Oren_Rau@mail.com,0.0,-100.0
533,Helena_Bartoletti@aol.com,0.0,-100.0
534,Jaquelin.Hermann13@tutanota.com,1.0,11.0
535,Joey_Gottlieb@aol.com,0.0,-100.0
536,george.scott@yahoo.com,0.0,-100.0
537,Devante_Deckow@gmail.com,0.0,-100.0
538,Tom_Torp@gmail.com,0.0,-100.0
539,daniel_clark@outlook.com,0.0,-100.0
540,james.clark@protonmail.com,0.0,-100.0
541,emma..watson@yahoo.com,0.0,-100.0
542,Imelda.Kemmer@tutanota.com,0.0,-100.0
543,caleb_powell1989@gmail.com,2.0,35.0
544,samuel.6782clark@gmail.com,0.0,-100.0
545,Jaren16@tutanota.com,1.0,8.0
546,victoria.carter84@yahoo.com,2.0,40.0
547,emma_9010thompson@gmail.com,0.0,-100.0
548,Fay.Kertzmann@mail.com,0.0,-100.0
549,nancy.morris@yahoo.com,0.0,-100.0
550,Jacques.Grady55@protonmail.com,3.0,69.0
551,jessica.evans04@gmail.com,1.0,20.0
552,laura.evans@gmail.com,0.0,-100.0
553,samantha.jones1994@gmail.com,2.0,30.0
554,jason42_light@yahoo.com,3.0,82.0
555,Arlo8@outlook.com,0.0,-100.0
556,laura.baker45@icloud.com,3.0,79.0
557,robert.jones@yahoo.com,0.0,-100.0
558,oliver1123@gmail.com,0.0,-100.0
559,laura.evans@icloud.com,0.0,-100.0
560,anna_martin1997@gmail.com,1.0,27.0
561,Keara.Cartwright59@tutanota.com,3.0,65.0
562,a.james_1996@gmail.com,1.0,28.0
563,Marshall_Upton32@mail.com,3.0,92.0
564,adam59_blaze@gmail.com,3.0,65.0
565,stephen.morris1764@gmail.com,0.0,-100.0
566,joseph.adams@gmail.com,0.0,-100.0
567,Gus_Schultz70@aol.com,3.0,54.0
568,harry93_thomas@hotmail.com,2.0,31.0
569,jackson5431_thomas@hotmail.com,0.0,-100.0
570,Ernest_Jacobson59@protonmail.com,3.0,65.0
571,jacob89_light@gmail.com,2.0,35.0
572,laura.smith@icloud.com,0.0,-100.0
573,richard.clark1674@gmail.com,0.0,-100.0
574,hailey54_light@gmail.com,3.0,70.0
575,joseph.green@hotmail.com,0.0,-100.0
576,isaac.bell@outlook.com,0.0,-100.0
577,hailey2001_price@protonmail.com,1.0,23.0
578,patricia.morris1691@gmail.com,0.0,-100.0
579,victoria42_heat@yahoo.com,3.0,82.0
580,daniel99_spark@icloud.com,2.0,25.0
581,Rubye_Jast-Hane17@icloud.com,1.0,7.0
582,anthony.ward1825@gmail.com,0.0,-100.0
583,robert.white1725@gmail.com,0.0,-100.0
584,Demario_Fisher47@mail.com,3.0,77.0
585,emily1998_smith@gmail.com,1.0,26.0
586,alexis_cooper1992@gmail.com,2.0,32.0
587,rebecca.jones@icloud.com,0.0,-100.0
588,susan..young@gmail.com,0.0,-100.0
589,peter.clark@gmail.com,0.0,-100.0
590,madeline_butler1996@gmail.com,1.0,28.0
591,charles.mitchell@icloud..com,0.0,-100.0
592,Oran_Zemlak39@gmail.com,3.0,85.0
593,Fae_Ward80@yahoo.com,2.0,44.0
594,Torrey.Luettgen@gmail.com,0.0,-100.0
595,david.wilson98@outlook.com,2.0,26.0
596,Gunner46@mail.com,3.0,78.0
597,Gunner46@mail.com,3.0,78.0
598,margaret.evans@yahoo.com,0.0,-100.0
599,joseph.miller@gmail.com,0.0,-100.0
600,daniel.taylor88@outlook.com,2.0,36.0
601,rebecca.clark@outlook.com,0.0,-100.0
602,olivia1992_williams@gmail.com,2.0,32.0
603,rachel_perez2345@icloud.com,0.0,-100.0
604,Danny.Jacobson74@outlook.com,3.0,50.0
605,simon.johnson@gmail.com,0.0,-100.0
606,nathan.brooks@aol.com,0.0,-100.0
607,george..thomas@outlook.com,0.0,-100.0
608,victoria.white92@hotmail.com,2.0,32.0
609,Orin.Fisher@tutanota.com,0.0,-100.0
610,olivia_nelson2004@gmail.com,1.0,20.0
611,Kristian.Dickinson@aol.com,0.0,-100.0
612,tyler63_flicker@gmail.com,3.0,61.0
613,megan.wilson21@hotmail.com,1.0,3.0
614,Deven57@protonmail.com,3.0,67.0
615,matthew1992_lee@gmail.com,2.0,32.0
616,Kayden.Schmeler@aol.com,0.0,-100.0
617,lily4321_w@yahoo.com,0.0,-100.0
618,Ross.Rutherford@tutanota.com,0.0,-100.0
619,liam2573@gmail.com,0.0,-100.0
620,hannah.adams@gmail.com,0.0,-100.0
621,julia.doe4321@sub.domain.com,0.0,-100.0
622,Reyes_Ondricka@mail.com,0.0,-100.0
623,Moses90@mail.com,2.0,34.0
624,Nathen.Boehm@protonmail.com,0.0,-100.0
625,lily_kelly1986@gmail.com,2.0,38.0
626,john2001@gmail.com,1.0,23.0
627,Zora_Goodwin@outlook.com,0.0,-100.0
628,amanda2003_watson@icloud.com,1.0,21.0
629,Francesco_DAmore-Purdy45@gmail.com,3.0,79.0
630,Domenico.Jacobs35@gmail.com,3.0,89.0
631,Shaun_Wisoky-Lockman23@protonmail.com,1.0,1.0
632,ethan2000_sanders@protonmail.com,1.0,24.0
633,ethan.hughes01@protonmail.com,1.0,23.0
634,george.johnson@aol.com,0.0,-100.0
635,sarah.wilson@gmail.com,0.0,-100.0
636,jason_barnes87690@gmail.com,0.0,-100.0
637,laura.howard1753@gmail.com,0.0,-100.0
638,susan.cook@yahoo.com,0.0,-100.0
639,Toney.Leffler87@yahoo.com,2.0,37.0
640,ethan_white2002@protonmail.com,1.0,22.0
641,megan1993_scott@aol.com,2.0,31.0
642,Tre_Rau96@tutanota.com,2.0,28.0
643,jacob_hall1985@gmail.com,2.0,39.0
644,Johann_Gleason20@aol.com,1.0,4.0
645,Eva35@protonmail.com,3.0,89.0
646,chris1991_walker@gmail.com,2.0,33.0
647,amanda_king1999@hotmail.com,1.0,25.0
648,rachel.murphy@aol.com,0.0,-100.0
649,james_brown1985@gmail.com,2.0,39.0
650,Renee_Bradtke@tutanota.com,0.0,-100.0
651,olivia_smith99991@yahoo.com,0.0,-100.0
652,Victoria.Jast@gmail.com,0.0,-100.0
653,madison90_flash@outlook.com,2.0,34.0
654,Nicolette82@protonmail.com,2.0,42.0
655,grace_wilson4501@gmail.com,0.0,-100.0
656,Helmer.Lockman72@yahoo.com,3.0,52.0
657,Kevon93@yahoo.com,2.0,31.0
658,laura.foster@icloud.com,0.0,-100.0
659,Birdie_Kuvalis89@outlook.com,2.0,35.0
660,olivia.smith999@yahoo.com,0.0,-100.0
661,Elias47@aol.com,3.0,77.0
662,laura_baker12345@icloud.com,0.0,-100.0
663,logan2005_bryant@outlook.com,1.0,19.0
664,Zaria_Ebert-Glover38@aol.com,3.0,86.0
665,mason1999_watson@hotmail.com,1.0,25.0
666,james.morgan@icloud.com,0.0,-100.0
667,samantha.miller96@gmail.com,2.0,28.0
668,Gaston_Schuppe-Ryan@protonmail.com,0.0,-100.0
669,nathan2000_patel@aol.com,1.0,24.0
670,Helena_Bartoletti@aol.com,0.0,-100.0
671,carter_hughes2002@gmail.com,1.0,22.0
672,Ransom.Turcotte-Heaney97@gmail.com,2.0,27.0
673,susan.green@yahoo.com,0.0,-100.0
674,george.baker@hotmail.com,0.0,-100.0
675,logan1982_brooks@gmail.com,2.0,42.0
676,george.harris@yahoo.com,0.0,-100.0
677,william.moore@outlook.com,0.0,-100.0
678,t.jones1997@hotmail.com,1.0,27.0
679,benjamin_1782.johnson@college.edu,0.0,-100.0
680,emily56_gleam@outlook.com,3.0,68.0
681,sophia.wilson@yahoo.com,0.0,-100.0
682,Leonardo_Osinski@gmail.com,0.0,-100.0
683,joseph.clark@outlook.com,0.0,-100.0
684,Barry.Hahn64@icloud.com,3.0,60.0
685,anthony.evans@protonmail.com,0.0,-100.0
686,sophia.3452@gmail.com,0.0,-100.0
687,hannah.bryant@aol.com,0.0,-100.0
688,Brandt20@icloud.com,1.0,4.0
689,emily2000_smith@outlook.com,1.0,24.0
690,thomas.hall1688@gmail.com,0.0,-100.0
691,hailey.price39@protonmail.com,3.0,85.0
692,Owen_Kutch@aol.com,0.0,-100.0
693,sophia.evans@yahoo.com,0.0,-100.0
694,amelia.hughes@outlook.com,0.0,-100.0
695,victoria.kelly03@protonmail.com,1.0,21.0
696,Bobbie_Bins@yahoo.com,0.0,-100.0
697,mary.miller@gmail.com,0.0,-100.0
698,Birdie_Lesch85@gmail.com,2.0,39.0
699,alexis_perez1989@gmail.com,2.0,35.0
700,ethan89_fire@protonmail.com,2.0,35.0
701,Lexi.Jerde@protonmail.com,0.0,-100.0
702,laura.james@gmail.com,0.0,-100.0
703,lily_long1985@yahoo.com,2.0,39.0
704,jane.baker1728@gmail.com,0.0,-100.0
705,rachel1995_w@yahoo.com,1.0,29.0
706,kelly.brown93@protonmail.com,2.0,31.0
707,Xander.Johns95@protonmail.com,2.0,29.0
708,james.jones00@gmail.com,1.0,24.0
709,olivia1230_lee@gmail.com,0.0,-100.0
710,laura.anderson@icloud.com,0.0,-100.0
711,matthew58_glow@gmail.com,3.0,66.0
712,Carroll_Armstrong92@mail.com,2.0,32.0
713,emily.smith94@gmail.com,2.0,30.0
714,Ewell_Donnelly45@aol.com,3.0,79.0
715,Maya.Hilll@gmail.com,0.0,-100.0
716,ethan.hughes01@protonmail.com,1.0,23.0
717,Nathen.Boehm@protonmail.com,0.0,-100.0
718,Conor_OKeefe@outlook.com,0.0,-100.0
719,matthew.davis01@hotmail.com,1.0,23.0
720,jason.brown85@gmail.com,2.0,39.0
721,mark_wilson4500@yahoo.com,0.0,-100.0
722,Lonnie_Kulas@gmail.com,0.0,-100.0
723,joseph.scott1736@gmail.com,0.0,-100.0
724,Renee.Simonis23@tutanota.com,1.0,1.0
725,amelia.gray1746@gmail.com,0.0,-100.0
726,victoria_morris1990@gmail.com,2.0,34.0
727,victoria.kelly03@protonmail.com,1.0,21.0
728,Gardner0@gmail.com,0.0,-100.0
729,carter_james9999@hotmail.com,0.0,-100.0
730,lucy.hill@yahoo.com,0.0,-100.0
731,joshua99_bright@gmail.com,2.0,25.0
732,Howell73@tutanota.com,3.0,51.0
733,nathan.jones@protonmail.com,0.0,-100.0
734,elizabeth.walker@protonmail.com,0.0,-100.0
735,peter.smith@aol.com,0.0,-100.0
736,Nayeli_Schinner16@protonmail.com,1.0,8.0
737,Genevieve_Sawayn-Kunde79@gmail.com,2.0,45.0
738,chris.lee69@hotmail.com,3.0,55.0
739,Hilario.Steuber@aol.com,0.0,-100.0
740,Maude_Donnelly@protonmail.com,0.0,-100.0
741,ella8901@protonmail.com,0.0,-100.0
742,Willie.Lemke5@gmail.com,0.0,-100.0
743,Cayla83@tutanota.com,2.0,41.0
744,sophia.james91@gmail.com,2.0,33.0
745,Anissa49@aol.com,3.0,75.0
746,logan.brooks12@gmail.com,1.0,12.0
747,andrew.james64@hotmail.com,3.0,60.0
748,logan.turner98@outlook.com,2.0,26.0
749,nathan.anderson@gmail.com,0.0,-100.0
750,Deon29@outlook.com,3.0,95.0
751,Delaney_Krajcik@aol.com,0.0,-100.0
752,emma.clark76@icloud.com,2.0,48.0
753,abigail32_light@yahoo.com,3.0,92.0
754,claire_mitchell2005@gmail.com,1.0,19.0
755,amanda61_spark@icloud.com,3.0,63.0
756,robert.clark@outlook.com,0.0,-100.0
757,lily1985_butler@yahoo.com,2.0,39.0
758,Corrine84@gmail.com,2.0,40.0
759,john.anderson@protonmail.com,0.0,-100.0
760,Raina14@tutanota.com,1.0,10.0
761,sarah.carter@yahoo.com,0.0,-100.0
762,sarah.miller@protonmail.com,0.0,-100.0
763,margaret.bell@protonmail.com,0.0,-100.0
764,karen_hall2003@gmail.com,1.0,21.0
765,Marian.Morar@aol.com,0.0,-100.0
766,samantha.miller96@gmail.com,2.0,28.0
767,Tabitha_Lubowitz94@outlook.com,2.0,30.0
768,victoria2002_kelly@protonmail.com,1.0,22.0
769,simon.harris@aol.com,0.0,-100.0
770,Melyna15@aol.com,1.0,9.0
771,Kelly_Hammes@tutanota.com,0.0,-100.0
772,michael.wilson@protonmail.com,0.0,-100.0
773,elizabeth.moore@yahoo.com,0.0,-100.0
774,patrick.bell1773@gmail.com,0.0,-100.0
775,kathy2000_b@outlook.com,1.0,24.0
776,matthew_green1984@gmail.com,2.0,40.0
777,lily49_bright@protonmail.com,3.0,75.0
778,claire_watson1998@gmail.com,1.0,26.0
779,Orlo67@tutanota.com,3.0,57.0
780,madison.butler89@outlook.com,2.0,35.0
781,isabella4329@hotmail.com,0.0,-100.0
782,sarah_miller2000@gmail.com,1.0,24.0
783,dylan_sanders1984@gmail.com,2.0,40.0
784,hannah.smith@protonmail.com,0.0,-100.0
785,Kallie_Schuppe@aol.com,0.0,-100.0
786,madison_butler6789@outlook.com,0.0,-100.0
787,Jacquelyn21@aol.com,1.0,3.0
788,Demetrius.Kris@outlook.com,0.0,-100.0
789,dorothy.gray@protonmail.com,0.0,-100.0
790,catherine.jones@aol.com,0.0,-100.0
791,nathan.moore@icloud.com,0.0,-100.0
792,Jonas.Bruen9@gmail.com,0.0,-100.0
793,claire.harris87@outlook.com,2.0,37.0
794,henry1234.smith@outlook.com,0.0,-100.0
795,lucy.adams@icloud.com,0.0,-100.0
796,laura38_glint@gmail.com,3.0,86.0
797,Viviane.Schimmel33@gmail.com,3.0,91.0
798,Marilou.Koepp55@mail.com,3.0,69.0
799,Liliana.Hoppe25@tutanota.com,3.0,99.0
800,madison_henderson1981@gmail.com,2.0,43.0
801,alexis.cooper92@gmail.com,2.0,32.0
802,paul.simmons1761@gmail.com,0.0,-100.0
803,ryan.watson01@hotmail.com,1.0,23.0
804,margaret.anderson@hotmail.com,0.0,-100.0
805,Bonnie5@gmail.com,0.0,-100.0
806,jessica1997_evans@gmail.com,1.0,27.0
807,nathan.martin04@gmail.com,1.0,20.0
808,charles.davis1776@gmail.com,0.0,-100.0
809,john_1987doe@gmail.com,2.0,37.0
810,matthew.adams85@icloud.com,2.0,39.0
811,william.wright@outlook.com,0.0,-100.0
812,Torrey19@mail.com,1.0,5.0
813,Al10@protonmail.com,1.0,14.0
814,laura_1992.brown@company.co.uk,2.0,32.0
815,samuel.evans1730@gmail.com,0.0,-100.0
816,Madalyn_Schroeder66@outlook.com,3.0,58.0
817,daniel.phillips@hotmail.com,0.0,-100.0
818,Evan93@yahoo.com,2.0,31.0
819,Kadin.Kutch@aol.com,0.0,-100.0
820,Claud_Boyle81@aol.com,2.0,43.0
821,Wanda74@outlook.com,3.0,50.0
822,anna.hall87@yahoo.com,2.0,37.0
823,paul.davis@yahoo.com,0.0,-100.0
824,john.anderson@protonmail.com,0.0,-100.0
825,Rosario_Jaskolski94@protonmail.com,2.0,30.0
826,kevin.sanders89@gmail.com,2.0,35.0
827,Gerald.Carroll68@mail.com,3.0,56.0
828,jason.brown85@gmail.com,2.0,39.0
829,nicholas_phillips1982@gmail.com,2.0,42.0
830,Antwon.Harvey@protonmail.com,0.0,-100.0
831,tom_clark.6543@mail.service.com,0.0,-100.0
832,anna65_burn@hotmail.com,3.0,59.0
833,Arnold12@tutanota.com,1.0,12.0
834,michael_davis1988@gmail.com,2.0,36.0
835,victoria1998_carter@yahoo.com,1.0,26.0
836,emma.watson1821@gmail.com,0.0,-100.0
837,jasmine_ross2004@gmail.com,1.0,20.0
838,james.clark@yahoo.com,0.0,-100.0
839,1994_kathy_jones@icloud.com,2.0,30.0
840,ethan27_heat@yahoo.com,3.0,97.0
841,Eldora_Simonis@tutanota.com,0.0,-100.0
842,catherine.davis@gmail.com,0.0,-100.0
843,mason74_fire@hotmail.com,3.0,50.0
844,david2005_king@hotmail.com,1.0,19.0
845,Christina23@protonmail.com,1.0,1.0
846,emily_jones1992@gmail.com,2.0,32.0
847,chris.lee69@hotmail.com,3.0,55.0
848,Verlie53@gmail.com,3.0,71.0
849,Kurt72@yahoo.com,3.0,52.0
850,abigail_powell3456@yahoo.com,0.0,-100.0
851,luke2003@protonmail.com,1.0,21.0
852,ryan_williams2001@gmail.com,1.0,23.0
853,william.moore@icloud.com,0.0,-100.0
854,margaret.davis@outlook.com,0.0,-100.0
855,Dillan52@icloud.com,3.0,72.0
856,Lauren.Waelchi41@gmail.com,3.0,83.0
857,Tanya.Watsica@gmail.com,0.0,-100.0
858,anna2004_jones@hotmail.com,1.0,20.0
859,jacob1986_baker@gmail.com,2.0,38.0
860,amanda1989_roberts@hotmail.com,2.0,35.0
861,william.morris@icloud.com,0.0,-100.0
862,emma_adams2000@gmail.com,1.0,24.0
863,charles.wilson@aol.com,0.0,-100.0
864,Rhoda67@gmail.com,3.0,57.0
865,Hollis96@gmail.com,2.0,28.0
866,Alvah.Carter@tutanota.com,0.0,-100.0
867,hannah.baker@yahoo.com,0.0,-100.0
868,Jackson.Kuhic41@protonmail.com,3.0,83.0
869,lucas7812@outlook.com,0.0,-100.0
870,dylan.richards83@gmail.com,2.0,41.0
871,abigail.powell56@yahoo.com,3.0,68.0
872,Delilah_Bernier-Wintheiser@yahoo.com,0.0,-100.0
873,Aida.Hermiston@outlook.com,0.0,-100.0
874,hailey_bryant1983@gmail.com,2.0,41.0
875,Alphonso.Schowalter51@gmail.com,3.0,73.0
876,adam_price1987@gmail.com,2.0,37.0
877,l.green2001@protonmail.com,1.0,23.0
878,Willis17@gmail.com,1.0,7.0
879,Alexane45@aol.com,3.0,79.0
880,Jermain_Dach61@gmail.com,3.0,63.0
881,Dorris.Lueilwitz@tutanota.com,0.0,-100.0
882,Hassan.OReilly23@outlook.com,1.0,1.0
883,alexis1993_cooper@gmail.com,2.0,31.0
884,Soledad_Daniel75@gmail.com,2.0,49.0
885,dorothy.phillips1784@gmail.com,0.0,-100.0
886,betty_1994hill@icloud.com,2.0,30.0
887,anna.harris1829@gmail.com,0.0,-100.0
888,emma.jones@gmail.com,0.0,-100.0
889,5432_tina_jones@icloud.com,0.0,-100.0
890,Fae71@tutanota.com,3.0,53.0
891,margaret.harris@outlook.com,0.0,-100.0
892,mason9904@icloud.com,0.0,-100.0
893,james.wilson1805@gmail.com,0.0,-100.0
894,Delilah_Bernier-Wintheiser@yahoo.com,0.0,-100.0
895,alice.evans@icloud.com,0.0,-100.0
896,george.green@hotmail.com,0.0,-100.0
897,olivia_johnson1991@gmail.com,2.0,33.0
898,Percy92@protonmail.com,2.0,32.0
899,lee_michael1989@yahoo.com,2.0,35.0
900,charles.davis@aol.com,0.0,-100.0
901,Jayson.Kohler@tutanota.com,0.0,-100.0
902,Arlene.Kuphal@protonmail.com,0.0,-100.0
903,chris.roberts96@gmail.com,2.0,28.0
904,claire.harris87@outlook.com,2.0,37.0
905,anna_hall1987@yahoo.com,2.0,37.0
906,logan95_flicker@outlook.com,2.0,29.0
907,nancy.baker@outlook..com,0.0,-100.0
908,susan.jackson1768@gmail.com,0.0,-100.0
909,mary.moore1657@gmail.com,0.0,-100.0
910,catherine.lewis1815@gmail.com,0.0,-100.0
911,kelly1997@yahoo.com,1.0,27.0
912,johnson.michael90@yahoo.com,2.0,34.0
913,Annabell20@tutanota.com,1.0,4.0
914,daniel.scott80@outlook.com,2.0,44.0
915,Breanne74@gmail.com,3.0,50.0
916,Herminia.Brekke@gmail.com,0.0,-100.0
917,william1988.smith@outlook.com,2.0,36.0
918,Nikolas54@outlook.com,3.0,70.0
919,samantha_miller1996@gmail.com,1.0,28.0
920,sophia.anderson@protonmail.com,0.0,-100.0
921,Harvey.Ullrich@tutanota.com,0.0,-100.0
922,hannah.phillips@hotmail.com,0.0,-100.0
923,Amber.Bogisich21@gmail.com,1.0,3.0
924,jessica_evans2004@gmail.com,1.0,20.0
925,Destini63@tutanota.com,3.0,61.0
926,james.lewis@protonmail.com,0.0,-100.0
927,samantha14_gleam@icloud.com,1.0,10.0
928,Dario.Hilpert@gmail.com,0.0,-100.0
929,mary.bell@icloud.com,0.0,-100.0
930,Carolina.Hoppe80@gmail.com,2.0,44.0
931,tyler_long1993@gmail.com,2.0,31.0
932,andrew.adams1790@gmail.com,0.0,-100.0
933,britney2002@icloud.com,1.0,22.0
934,Sierra43@outlook.com,3.0,81.0
935,hannah.thomas@outlook.com,0.0,-100.0
936,john.smith1750@gmail.com,0.0,-100.0
937,peter.morgan1669@gmail.com,0.0,-100.0
938,charles.green@hotmail.com,0.0,-100.0
939,isaac.hughes1658@gmail.com,0.0,-100.0
940,robert.turner54@protonmail.com,3.0,70.0
941,Matt_Lesch87@aol.com,2.0,37.0
942,andrew97_flame@gmail.com,2.0,27.0
943,Odie.Greenholt69@aol.com,3.0,55.0
944,patricia.bailey@yahoo.com,0.0,-100.0
945,zoe.bryant19@aol.com,1.0,5.0
946,ethan.white02@protonmail.com,1.0,22.0
947,michael.adams@gmail.com,0.0,-100.0
948,Hertha_VonRueden@aol.com,0.0,-100.0
949,ryan_cooper2001@gmail.com,1.0,23.0
950,simon.adams@gmail.com,0.0,-100.0
951,Mathilde2@gmail.com,0.0,-100.0
952,jason.lee77@yahoo.com,2.0,47.0
953,Jedidiah_Glover9@gmail.com,0.0,-100.0
954,nathan.brown@icloud.com,0.0,-100.0
955,madison.butler89@outlook.com,2.0,35.0
956,Roel37@yahoo.com,3.0,87.0
957,Marianna_Pfeffer@gmail.com,0.0,-100.0
958,Soledad_Rau76@protonmail.com,2.0,48.0
959,Chanelle71@outlook.com,3.0,53.0
960,lily.thompson57@aol.com,3.0,67.0
961,kevin_brooks1997@gmail.com,1.0,27.0
962,Reymundo.Bayer93@aol.com,2.0,31.0
963,Alfonzo_Hermiston72@yahoo.com,3.0,52.0
964,mia_smith7890@gmail.com,0.0,-100.0
965,zoe27_flame@aol.com,3.0,97.0
966,dylan_richards1983@gmail.com,2.0,41.0
967,Aiden81@gmail.com,2.0,43.0
968,hailey.sanders67@gmail.com,3.0,57.0
969,chris92_shine@gmail.com,2.0,32.0
970,michael1998@hotmail.com,1.0,26.0
971,Bobbie_Bins@yahoo.com,0.0,-100.0
972,Beatrice.Block@tutanota.com,0.0,-100.0
973,robert_turner87654@protonmail.com,0.0,-100.0
974,Romaine79@outlook.com,2.0,45.0
975,sophia.roberts@protonmail.com,0.0,-100.0
976,Thea65@yahoo.com,3.0,59.0
977,david.king1810@gmail.com,0.0,-100.0
978,Vidal_Wintheiser@gmail.com,0.0,-100.0
979,Korey39@icloud.com,3.0,85.0
980,Sierra43@outlook.com,3.0,81.0
981,charles.mitchell@icloud.com,0.0,-100.0
982,amanda.williams56@icloud.com,3.0,68.0
983,Guadalupe_Schiller-Renner79@gmail.com,2.0,45.0
984,ava_6657@aol.com,0.0,-100.0
985,Daphney91@gmail.com,2.0,33.0
986,Ross5@gmail.com,0.0,-100.0
987,henry.jackson@yahoo.com,0.0,-100.0
988,Earl72@aol.com,3.0,52.0
989,tyler1995_hayes@gmail.com,1.0,29.0
990,Darrion.Corkery@gmail.com,0.0,-100.0
991,Lyla.Frami20@yahoo.com,1.0,4.0
992,Greg_Friesen@yahoo.com,0.0,-100.0
993,joshua_bell2000@gmail.com,1.0,24.0
994,Ruthe.Toy@tutanota.com,0.0,-100.0
995,martha.wright@yahoo.com,0.0,-100.0
996,daniel.cook1817@gmail.com,0.0,-100.0
997,Giovani_Bechtelar@gmail.com,0.0,-100.0
998,madeline25_spark@aol.com,3.0,99.0
999,grace.hughes@hotmail.com,0.0,-100.0
1000,grace92_anderson@protonmail.com,2.0,32.0
1001,Marshall_Upton32@mail.com,3.0,92.0
1002,caleb1996_phillips@icloud.com,1.0,28.0
1003,Floyd_Lueilwitz@tutanota.com,0.0,-100.0
